{
  "User": [
    {
      "id": "16e9",
      "email": "Hari",
      "password": "hari@123"
    },
    {
      "id": "ff00",
      "email": "kiruba",
      "password": "123456"
    }
  ],
  "bookings": [
    {
      "id": "7cfb",
      "title": "1984",
      "author": "George Orwell",
      "quantity": "2"
    },
    {
      "id": "58cc",
      "title": "1984",
      "author": "George Orwell",
      "quantity": 1
    },
    {
      "id": "7531",
      "title": "1984",
      "author": "George Orwell",
      "quantity": 1
    },
    {
      "id": "4e16",
      "title": "1984",
      "author": "George Orwell",
      "quantity": 1
    },
    {
      "id": "1fce",
      "title": "1984",
      "author": "George Orwell",
      "quantity": 1
    }
  ]
}